WBAN,ICAO
35046,EGUN
35034,EGUL
35047,EGMH
16201,BIKF
34061,LFOE
34051,LFSL
34048,LFLX
13025,LERT
34113,KQNN
33308,LTAG
43216,RKSG
43219,RKJK
43318,RJSN
44402,RJSM
43313,RJTY
43321,RJTK
43319,RJTA
43324,RJOI
42204,RODN
42215,ROTM
42402,RJAO
70701,FJDG
93121,KNXP
13910,KDYS
3145,KNYL
26492,PATO
26558,PASK
27502,PABR
27503,PAWI
25715,PAAK
26645,PABL
27408,PAKU
26465,PAGB
27406,PASC
27401,PABA
26631,PALU
26623,PAPO
26649,PADG
26634,PATC
26625,PASH
102,PAIK
26624,PPIZ
26616,PAOT
26643,PADE
26648,PAWN
26642,PAVL
26542,PAKP
26551,PAFM
490,PAGH
26535,PAIM
26533,PABT
26529,PATA
26413,PFYU
46405,PARC
26422,PAEG
26628,PAGL
26617,PAOM
26647,PASM
26502,PAKV
26704,PASA
26703,PAGM
26627,PAUN
26644,PANV
26650,PAEM
26646,PACZ
26622,PAMY
26651,PAHP
26615,PABE
26501,PAGA
26602,PAKK
26510,PAMC
26536,PATL
26516,PANI
26443,PAWS
26534,PASV
26512,PAMH
26526,KPTI
26528,PATK
26514,PASW
26523,PAEN
26559,PASX
26435,PANN
96401,PAEC
25378,PAOH
26411,PAFA
26498,PAFB
104,PAFS
26561,PARY
105,PADM
46403,PAIN
26407,PAEI
26415,PABI
27518,PATQ
107,PANW
489,PAFR
26425,PAGK
46407,PAZK
26401,PAED
26491,PALH
26451,PANC
26409,PAMR
25331,PAAQ
26497,PABV
26479,PAVD
27517,PALP
26438,PAWD
26412,PAOR
26410,PACV
25623,PAEH
26521,PAHC
26652,PALG
26654,PARS
108,PACM
109,PAMB
26635,PAMO
26653,PAOO
110,PAOU
25521,PAIG
25713,PASN
25624,PACD
25617,PASD
25513,PADL
25503,PAKN
25508,PAPH
25518,PAJC
25519,PAII
25506,PAIL
26546,PALJ
26553,PASL
25507,PAHO
25402,PAMD
25501,PADQ
25604,PAPM
25629,PATG
25339,PAYA
25335,PAGY
25516,PASO
25323,PAHN
27515,PAQT
26552,PAHL
25322,PAGS
25333,PASI
25309,PAJN
25357,PAEL
25310,PAGN
25628,PAPB
25369,PAFE
25329,PAPG
25338,PAWG
25376,PAHY
25367,PAKW
25325,PAKT
25308,PANT
25377,PAMM
45715,PASY
25704,PADK
25616,PADU
113,PFNO
27201,CYSY
94234,CYAZ
94792,CYUL
54802,CWCJ
25343,CWJU
27202,CZCP
25272,CWPZ
26394,CWFO
53983,KAQO
54829,KVLL
63837,KHXD
4867,KC09
4868,KC75
3049,KE38
63884,KI16
63851,KM30
53996,KMEZ
54813,KP53
63835,KBIJ
4997,KHZX
63844,K1A5
53976,KXBP
94076,K20V
63833,KALX
54809,KASW
23224,KAUN
53882,KBGE
12982,KBKS
3044,KBPG
94282,KBVS
12981,KBYY
93799,KCPC
4872,KDUH
12983,KEBG
63843,KEHO
3704,KEMV
3705,KEYF
53969,KF05
3736,KFFA
4927,KFKA
4877,KFPK
3734,KFYJ
53977,KGDJ
53967,KGYI
3711,KHNZ
63836,KHQU
53970,KHQZ
4989,KIIB
53898,KIIY
53972,KINJ
53945,KJAS
3730,KJGG
53971,KJSO
53966,KJWY
63846,KJYL
53973,KLHB
64752,KLOM
53964,KLUD
53879,KLXT
63804,KMDQ
4992,KMLE
4947,KMPZ
53962,KOSA
4964,KPEA
3052,KPPA
93983,KPSN
3045,KPYX
12984,KRBO
3735,KRMN
53965,KRPH
63841,KRSV
53981,KCPT
4893,KSLH
4129,KSZT
93947,KT82
64753,KUKT
4981,KVTI
4995,KLUM
63832,KW22
63853,KAJG
53175,KAJO
93764,KGAI
54818,KFKS
53947,KJWG
54852,KPCZ
54920,KCKP
94086,KPNA
53991,KACP
63877,K3J7
63886,KMLJ
54919,KOOA
63875,K1A6
63901,KAXS
3732,KCBE
13999,KCLK
53993,KCUH
53999,KRQO
63870,K0J4
63874,KPRN
63872,KEUF
54927,KPEX
54924,KDVP
4135,KDIJ
54850,KHAI
92824,KPCM
92825,KTPF
54844,KDRM
63880,K8A0
122,KUCP
63882,KEKQ
63885,KJKA
123,PAMK
53847,KNDZ
124,KW29
419,K0CO
428,KADF
131,KUNI
133,KCCA
134,KCWC
136,KMQS
139,K4I3
140,KFFX
3037,KCBK
141,KIDP
143,KSYF
437,KCEY
148,KBXA
466,KOPL
455,KHAE
151,KCDA
54758,KEFK
152,KFSO
153,KFCI
156,KJFX
24165,KEMM
449,KFBR
475,KSAA
443,KDUB
429,KAIB
158,KAJZ
159,KANK
53806,KUOX
167,KGWB
171,KCXP
3977,KELK
172,KHHW
24180,KBMC
174,KEDU
175,KRFI
181,KAPY
184,KIYA
186,KCQF
187,KOXI
188,KMCJ
190,KLUX
192,KDCM
194,KBNL
196,KCKI
200,KMAO
202,KSMS
208,KTME
215,KRCE
217,KBBP
218,KDYB
219,KHVS
220,KFDW
222,KGLY
224,KBDN
54940,KFXY
229,KLZZ
231,KIXA
232,KMRT
433,KBAN
243,KGBK
3724,KDMW
54942,KI75
251,KVES
442,KDLP
255,KVBS
256,KSCF
434,KBBF
260,KHQI
264,KMAN
73805,KECP
266,K46D
267,KTVI
271,KLQK
24255,KNUW
274,K0VG
275,KSTF
276,KCOM
461,KLXY
278,KJVW
279,KRTS
280,KFLY
285,K9D7
286,KBCK
287,KD50
289,KD60
290,KETC
291,KGAF
292,KHZE
293,KRUG
295,KVER
302,KVOA
306,KXIH
310,K65S
311,KCRX
313,KBMT
314,KCKM
315,KDLZ
317,K1R7
318,K7L2
431,KASL
326,KFHB
331,KVKY
456,KHHV
332,KVQT
333,KXPY
336,KGGP
339,K6A2
457,KHZR
347,KPPO
348,KTHA
350,KFZG
351,KT35
353,KTBX
486,KZPH
354,KGPH
54930,KSYN
54922,KBWP
54926,KLYV
54828,KCFS
12995,KRAS
12836,KEYW
92813,KISM
92817,KVVG
12818,KBKV
12850,KNQX
12896,KMTH
12839,KMIA
92816,KVDF
12803,KBCT
12882,KOPF
12826,KHST
12888,KTMB
12844,KPBI
63839,K3A1
54916,KACQ
4999,KGDB
12812,KPGD
92809,KHWO
12897,KAPF
12885,KFXE
12838,KMLB
12993,KGAO
53978,KJDD
53930,KADH
12898,KTIX
92805,KPMP
12815,KMCO
53932,KAQR
53933,KAVK
12841,KORL
53959,KAWM
12861,KOCF
12854,KSFB
4866,KBUU
13889,KJAX
3038,KCCU
63842,KDQH
93837,KNIP
3853,KNRB
63823,KVQQ
53853,KDTS
3822,KSAV
53935,KCHK
3727,KCTZ
63840,KCUL
4871,KDKB
94891,KDNV
53938,KDUC
53888,KEXX
13880,KCHS
13730,KFDK
4876,KFEP
93831,KNBC
94959,KGBG
3875,KLHW
53940,KGCM
53941,KGMJ
4878,KGOV
53984,KGPM
3030,KGUY
53127,KHND
4936,KHNR
64761,KHTO
53936,KCQB
3039,KCPW
12895,KFPR
92806,KSPG
12835,KFMY
3056,KGNC
12894,KRSW
63848,K47A
12842,KTPA
63847,K4A9
53982,KJXI
53979,KGYB
54901,KCFE
12871,KSRQ
12873,KPIE
12883,KLAL
12833,KCTY
3050,KSNK
12809,KBOW
4998,KHJH
4829,KHYX
4879,KIGQ
4880,KIKK
53899,KIPJ
4939,KJKJ
13861,KAYS
3713,KJNX
63801,KJQF
53946,KJSV
63822,KVDI
53883,KBQK
13878,KSSI
63852,KHSA
93805,KTLH
3731,KLHZ
53975,KLNC
4945,KMGG
4884,KMGN
53817,KMGR
63824,KVUJ
4899,KVYS
14794,KWST
53957,KWWR
53885,KDNN
3040,KMNH
53873,KVPC
4949,KMQB
12980,KT65
13869,KABY
53949,KOKM
63808,KOLV
93845,KVLD
3718,KOMH
4960,KOVL
3058,KPEQ
3813,KMCN
4889,KPNT
63810,KPRG
53951,KPVJ
23097,KPVW
13860,KWRB
53884,KCCO
63811,KRHP
53953,KRKR
4968,KRNH
3820,KAGS
13837,KDNL
4890,KRPJ
4972,KRZN
53838,KGVL
4892,KSJX
93911,KSNL
53985,KSRC
92815,KSUA
13874,KATL
3721,KSUT
23033,KSWW
3722,KTDF
4896,KTIP
3888,KFTY
53863,KPDK
53819,KFFC
63819,KTNB
53956,KTQH
12832,KAAF
3723,KTTA
12985,KUVA
3041,KMYP
4996,KSFY
4224,KORS
12986,KPKV
13858,KVPS
94087,KTIF
92814,KSGJ
12819,KLEE
3070,KDUX
13884,KCEW
63881,KDBN
444,KDWX
13899,KPNS
53862,K40J
3855,KNPA
93841,KNSE
13894,KMOB
13838,KBFM
63873,KHEY
53861,KLOR
54925,KLCG
3738,KRCZ
358,KCGS
3844,KEGI
54785,KSMQ
53995,KL75
63887,KMWO
13829,KLSF
53958,KRSN
54923,KCNB
53992,KBQP
93842,KCSG
64774,KGHG
13895,KMGM
360,KOBE
13821,KMXF
3878,KTOI
13839,KDHN
3850,KOZR
13864,KMGE
53843,K79J
53820,KGZH
53852,KDCU
13876,KBHM
3892,KAUO
3896,KGAD
93806,KTCL
13871,KANB
470,KPMV
53864,KEET
12990,KGNI
12916,KMSY
3908,KHDC
53915,KARA
53917,KNEW
12958,KNBG
53943,KIER
13970,KBTR
3071,KMDD
12936,KPTN
54953,KTKV
3069,K04V
3976,KDRI
12994,KHBV
13865,KMEI
92822,KOMN
54931,KTKC
54826,KLWA
3866,KNMM
54824,KRNP
53808,KPIB
3940,KJAN
12953,KARM
13927,KHKS
93999,KVKS
3961,KHEZ
93919,KMCB
92808,KEVB
93937,KSLR
23098,KECU
23903,KUTA
53865,KASD
363,KRCM
364,KOJA
3931,KPOE
3937,KLCH
12968,KP92
13941,KCWF
13976,KLFT
12927,KHUM
12917,KBPT
12971,KBAZ
12923,KGLS
12975,KLVJ
53910,KDWH
12960,KIAH
12906,KEFD
12918,KHOU
53902,KCXO
93987,KLFK
53903,KUTS
13972,KTYR
53912,KCRS
3901,KGGG
53907,KGKY
13957,KSHV
53905,KDTN
13944,KBAD
13942,KMLU
13935,KESF
3996,KTVR
53911,KTRL
53948,KOCH
12919,KBRO
12904,KHRL
12959,KMFE
12957,KPIL
12924,KCRP
12926,KNGP
12928,KNQI
12932,KALI
12974,KNOG
12907,KLRD
12970,KSSF
12972,KRKP
12947,KCOT
12976,KLBX
12921,KSAT
12962,KHDO
12909,KSKF
12911,KRND
12961,KERV
12979,KHYI
13904,KAUS
53914,KTKI
3999,KBMQ
12977,KSGR
13958,KATT
53942,KGTU
12912,KVCT
93929,KGLE
53928,K11R
12978,K3T5
12935,KPSX
13959,KACT
53952,KPWG
3933,KHLR
3972,KILE
3902,KGRK
93984,KTPL
13960,KDAL
93955,KPRX
13926,KGVT
3991,KDTO
3927,KDFW
3985,KFWS
53909,KAFW
13911,KNFW
93985,KMWL
3970,KADS
3971,KRBD
3969,KSEP
22010,KDRT
22001,KDLF
3032,K6R6
23055,KGDP
23034,KSJT
93046,KHHF
93035,KMRF
3031,KODO
23023,KMAF
23091,KFST
23040,KINK
13962,KABI
93943,KBWD
23042,KLBB
3035,KATS
3027,KCQC
23052,KRTN
23009,KROW
93083,KSRR
23008,KCVS
93033,KCNM
93034,KHOB
23077,KCVN
366,KCWV
367,KHWY
93097,KALM
93041,KLRU
23044,KELP
93045,KTCS
93026,KDUG
93063,KSVC
23078,KDMN
3196,KOLS
3124,KFHU
23160,KTUS
23109,KDMA
93084,KSAD
3914,KCGZ
53128,KCHD
3029,KRQE
23183,KPHX
3185,KFFZ
3184,KDVT
23111,KLUF
23104,KIWA
53126,KGEU
3186,KGYR
3192,KSDL
23199,KNJK
53146,KALK
3068,KABH
53989,KAMM
3949,KAQV
53988,KBKB
3749,KRSP
93762,KRYT
23119,KRIV
93138,KPSP
3171,KRAL
93134,KCQT
23152,KBUR
93197,KSMO
23130,KVNY
3180,KPOC
23243,KLPC
93206,KSBP
3179,KCNO
23188,KSAN
3131,KMYF
3178,KSDM
93112,KNZY
53143,KSEE
93115,KNRS
93116,KNSI
23191,KAVX
93117,KNUC
3154,KNFG
3177,KCRQ
369,KNXF
93107,KNKX
53121,KOKB
23174,KLAX
3183,KMHV
3174,KTOA
3167,KHHR
23129,KLGB
63878,K3LF
53141,KSLI
3166,KFUL
93184,KSNA
3810,KHKY
13748,KILM
13714,KPOB
93747,KHFF
93740,KFAY
93765,KMRH
13766,KMQI
63816,KSVH
13722,KRDU
13783,KPGV
13713,KGSB
93726,KISO
93759,KRWI
93753,KOAJ
13786,KECG
3703,KEDE
13769,KNTU
93796,KASJ
13737,KORF
13763,KFKN
13750,KNGU
93741,KPHF
93735,KFAF
13754,KNKT
93719,KEWN
93727,KNCA
93743,KNJM
93798,KCJR
13883,KCAE
53867,KCUB
3858,KMMT
13744,KFLO
371,KMNI
13776,KLBT
93782,KMEB
13873,KAHN
3715,KLKU
53854,KOGB
3742,KUDG
53871,KUZA
53850,KCEU
13886,KGMU
3870,KGSP
63889,KGYH
14886,KLNL
53874,KGRD
93729,KHSE
13881,KCLT
3720,KSOP
53890,KFQD
53892,KGEV
53870,KAKH
63859,KMRN
3812,KAVL
63812,KRUQ
13870,KAMG
63821,KUKF
13723,KGSO
53144,K9L2
93783,KBUY
63807,KMWK
93846,KAND
93807,KINT
53872,KEQY
93801,KRMG
3856,KHSV
63883,KHUA
13896,KMSL
13882,KCHA
463,KMRC
3847,KCSV
13891,KTYS
13897,KBNA
13827,KMQY
372,KSRB
3894,KCKV
93839,KNQA
3935,KCGI
3975,KPOF
13825,KCBM
53893,KGTR
93862,KTUP
13893,KMEM
3811,KMKL
3809,KDYR
13877,KTRI
3952,KLZK
13963,KLIT
3930,KLRF
93991,KARG
3953,KJBR
13814,KBYH
53869,KHKA
3962,KHOT
13925,KSGT
93988,KPBF
13977,KTXK
93992,KELD
53919,KLLQ
373,KCDH
53920,KRUE
3973,KASG
53921,KMWT
53922,KXNA
53918,KBPK
13964,KFSM
54921,KBVN
53955,KSLG
3978,KVBT
93993,KFYV
3918,KFLP
53934,KBVX
53954,KROG
13971,KHRO
53901,KUNO
13987,KJLN
13966,KSPS
13902,KLTS
93986,KHBR
3932,KCSM
3981,KFDR
53929,K1F0
13967,KOKC
13909,KEND
53986,KWDG
53913,KGOK
13919,KTIK
3954,KPWA
3965,KSWO
13945,KFSI
93940,KADM
93953,KMKO
13968,KTUL
53908,KRVS
3959,KBVO
93950,KMLC
3948,KOUN
3950,KLAW
23051,KCAO
93057,KGNT
3737,KONX
23081,KGUP
93942,KBBD
53998,KORG
23047,KAMA
3024,KBGD
3034,KAEG
23050,KABQ
93091,KLAM
23049,KSAF
23090,KFMN
23007,KCDS
3012,KSKX
23048,KTCC
23054,KLVS
93167,KIGM
3162,KPGA
23184,KPRC
23194,KINW
93139,KPAN
3101,KSOW
3103,KFLG
93027,KSJN
375,KSEZ
54928,KRCX
53990,K4O4
23901,KRWV
93244,KIZA
3195,KGCN
53135,KIFP
23179,KEED
23114,KEDW
23161,KDAG
3159,KWJF
23182,KPMD
23131,KVCV
23187,KSDB
23155,KBFL
23169,KLAS
23112,KLSV
3160,KDRA
93193,KFAT
3181,KMMH
23149,KPTV
93144,KVIS
53119,KHJO
93111,KNTD
23190,KSBA
23136,KCMA
93110,KOXR
93214,KVBG
23273,KSMX
93209,KPRB
93720,KSBY
14711,KMDT
3701,KCPK
3719,KSFQ
13740,KRIC
93714,KPTB
93736,KCHO
3707,KFVX
93773,KAKQ
93739,KWAL
3716,KMFV
93775,KOFP
93738,KIAD
3706,KEZF
13773,KNYG
3710,KHEF
93728,KDAA
13721,KNHK
3756,KESN
13743,KDCA
3717,KOKV
3714,KJYO
63805,KMKJ
13701,KAPG
53818,KVJI
93721,KBWI
93706,KHGR
93744,KMTN
93730,KACY
93780,KVAY
13735,KMIV
54779,K12N
13739,KPHL
54760,KBLM
94732,KPNE
13707,KDOV
14780,KNEL
13764,KGED
54743,KCDW
14792,KTTN
14706,KWRI
54738,KMMU
13733,KLYH
93760,KSHD
13728,KDAN
53895,KHLX
13741,KROA
53881,KBCB
93757,KHSP
13868,KPSK
63802,KLNP
93797,KAVC
3872,KBKW
3859,KBLF
53801,KLWB
13866,KCRW
3725,KW99
13729,KEKN
3802,KCKB
13736,KMGW
13734,KMRB
13781,KILG
3889,KJKL
14891,KMFD
93814,KCVG
93820,KLEX
93821,KSDF
53841,KFFT
13810,KLOU
53803,KOWB
53886,KEHR
13807,KFTK
3849,KLOZ
3860,KHTS
53868,KOQT
3804,KPKB
14894,KHLG
53859,KMGY
14821,KCMH
63825,KTZR
13812,KLCK
93824,KZZV
4848,KTDZ
4804,KOSU
93815,KDAY
53844,KLHQ
63888,KSGH
13841,KILN
93812,KLUK
4850,KAOH
14813,KAKR
93817,KEVV
3879,KSLO
93894,KMVN
93810,KMDH
13802,KBLV
3865,KMWA
13994,KSTL
3966,KSUS
53904,KSET
3816,KPAH
63815,KSME
53866,KGEZ
13803,KBAK
53896,KHNB
3868,KHUF
3893,KBMG
93819,KIND
53842,KEYE
4828,KAID
14835,KLAF
54807,KOKK
14829,KGSH
93822,KSPI
3958,KALN
54831,KBMI
13995,KSGF
13997,KVIH
93989,KUIN
3945,KCOU
3994,KDMO
93996,KFAM
14938,KIRK
3938,KTBN
3963,KJEF
53931,KAIZ
3947,KMCI
3073,KDKR
13988,KMKC
53916,KCDJ
13930,KSZL
3967,KOJC
93909,KIXD
13993,KSTJ
3928,KICT
13932,KWLD
3974,KAAO
3923,KIAB
13986,KHUT
13981,KCNU
3997,KLWC
53939,KEWK
13985,KDDC
23064,KGCK
23020,KLBL
13940,KGBD
3968,KHYS
93967,KCFV
3957,KP28
13969,KPNC
13947,KFRI
3936,KMHK
13989,KEMP
13996,KTOP
13920,KFOE
13984,KCNK
93997,KRSL
3919,KSLN
93076,KEHA
23061,KALS
93005,KDRO
3011,KTEX
23067,KLHX
3013,KLAA
93058,KPUB
23070,KTAD
3028,KSPD
23065,KGLD
93990,KHLC
93037,KCOS
93010,KLIC
93067,KAPA
93009,KLXV
94050,KEEO
23063,KEGE
93073,KASE
93007,KGUC
94033,KSBS
94015,KFCS
3026,KITR
23036,KBKF
24015,KAKO
3065,KBJC
93141,KPUC
23170,KHVE
377,KINF
23186,KSGU
93129,KCDC
23159,KBCE
23066,KGJT
93013,KMTJ
93069,KCEZ
24051,KGXY
94035,KFNL
3170,KP68
93075,KCNY
94128,KLGU
23176,KMLF
23157,KBIH
23203,KMER
23257,KMCE
93241,KVCB
23232,KSAC
23206,KMHR
23208,KMCC
93216,KBAB
93205,KMYV
93225,KSMF
53123,KVGT
23153,KTPH
23154,KELY
23185,KRNO
93102,KNFL
23259,KMRY
23237,KSCK
23258,KMOD
23285,KLVK
23230,KOAK
23289,KPAO
93231,KSQL
23234,KSFO
23293,KSJC
93232,KRHV
23254,KCCR
93227,KAPC
23213,KSTS
93203,KCIC
93809,KCIR
94704,KDSV
54780,KMTP
4789,KMGJ
54790,KHWV
14734,KEWR
474,KRNV
94741,KTEB
54788,KMMK
64707,KOXC
14732,KLGA
14757,KPOU
94745,KHPN
14714,KSWF
94702,KBDR
14758,KHVN
14707,KGON
4781,KISP
94728,KNYC
64710,KSFZ
94793,KBID
14702,KBED
14756,KACK
14704,KFMH
54769,KPYM
94726,KEWB
94724,KMVY
94720,KHYA
54777,KTAN
94624,KCQX
14765,KPVD
64708,KPVC
54752,KOQU
54768,KAQW
14787,KUUU
14740,KBDL
54767,KIJD
54756,KORE
54734,KDXR
14752,KHFD
54733,KBVY
14739,KBOS
54704,KOWD
94746,KORH
14712,KRDG
4843,KGKJ
14770,KSEG
4780,KFIT
54782,KPTW
54786,KDYL
93778,KTHV
54737,KLNS
4827,KAFJ
14751,KCXY
54792,KFIG
64705,KBTP
4787,KDUJ
14736,KAOO
4726,KJST
54739,KUNV
14777,KAVP
14778,KIPT
54723,KMUI
54746,KMSV
54773,KFZY
4725,KBGM
94761,KITH
14748,KELM
54757,KELZ
94737,KRUT
14737,KABE
13762,KNFE
64706,KIDI
14735,KALB
14771,KSYR
54778,KPEO
64775,KRME
94823,KPIT
4813,KBVI
14762,KAGC
54735,KLBE
4855,KMNN
14895,KCAK
4849,KLPR
4842,KBJJ
53855,KHAO
14750,KGFL
4852,KPHD
4858,KVTA
4720,KJHW
14820,KCLE
4853,KBKL
4805,KCGF
14852,KYNG
4851,KDFI
4857,KHZY
14860,KERI
4751,KBFD
94868,KFKL
14733,KBUF
465,KOLE
4724,KIAG
14768,KROC
14976,KGGI
94846,KORD
94892,KDPA
3960,KCPS
94870,KCMI
3887,KDEC
53802,KMTO
14842,KPIA
4894,KSQI
4846,KVPZ
14827,KFWA
94833,KGUS
94895,KMIE
4807,KGYY
14819,KMDW
13809,KLWV
14834,KJOT
14880,KUGN
4831,KLOT
94982,KDVN
14848,KSBN
4806,KEKM
94830,KTOL
14825,KFDY
94847,KDTW
54819,KONZ
94889,KARB
14822,KDET
14853,KYIP
14804,KMTC
4887,KOZW
54827,KIRS
4888,KPHN
94898,KP58
94899,KP59
14836,KLAN
4839,KBIV
14833,KJXN
14815,KBTL
4847,KADG
54816,KAMN
54817,KBAX
4854,KGLR
4881,KISQ
4882,KJYM
4886,KOEB
54821,KRMY
14864,KRQB
54822,KTEW
54823,KTTF
14931,KBRL
4885,KMOP
94822,KRFD
54789,KMPO
14923,KMLI
14990,KCID
14930,KAIO
4903,KAWG
4921,KEOK
4904,KAXA
4907,KCAV
14933,KDSM
94988,KMIW
14937,KIOW
14966,KCCY
4977,KTNU
14950,KOTM
4938,KIKV
4973,KSDA
4910,KCIN
4913,KCNC
94908,KDBQ
94989,KAMW
94979,KCWI
4915,KCSQ
4953,KMXO
4916,KDEH
4917,KDNS
4920,KEBS
4937,KICL
94910,KALO
4930,KFSW
4942,KLRJ
14940,KMCW
4906,KBNW
4950,KMUT
4955,KOLZ
4959,KORC
94933,KFOD
4962,KOXV
4966,KRDK
4975,KSHL
4976,KSLB
4908,KCBF
94998,KADU
94991,KLWD
14942,KOMA
14939,KLNK
14989,KJYR
4901,KAUH
3757,KNUI
94947,KBIE
14935,KGRI
94958,KODX
94949,KHSI
14905,KEAR
94978,KTQE
94957,KFNB
14949,KOFF
4993,KAFK
94946,KBBW
94975,KANW
14941,KOFK
4924,KFET
94951,KOLU
4957,KONL
14943,KSUX
24030,KSNY
24023,KLBF
94063,KOGA
14994,KLXN
94040,KMCK
24091,KIML
4935,KHDE
24044,KAIA
24017,KCDR
24018,KCYS
24022,KLAR
3017,KDEN
24028,KBFF
94073,KIBM
24032,KVTN
94057,KDGW
24089,KCPR
24046,KCAG
94030,KVEL
94025,KHDN
3016,KRIL
24127,KSLC
24174,KPVU
24027,KRKS
24126,KOGD
24101,KHIF
24021,KLND
94053,KTOR
4111,KEVW
24166,KJAC
24156,KPIH
4109,KP69
24145,KIDA
24151,KMLD
94182,KMYL
24172,KLOL
24193,KENV
24121,KEKO
24128,KWMC
23225,KBLU
93201,KTRK
93230,KTVL
93228,KHWD
94161,KSUN
94178,KTWF
24133,KBYI
94236,KLMT
23275,KUKI
24216,KRBL
24257,KRDD
23233,KSNS
24213,KEKA
24283,KACV
24286,KCEC
24259,KSIY
24215,KMHS
94299,KAAT
24225,KMFR
24235,KSXT
94285,KLKV
24267,KBOK
14745,KCON
4743,KPSM
54791,KDAW
14764,KPWM
64709,KSFM
14606,KBGR
14615,KWVL
14616,KBHB
94601,KRKD
4836,KFVE
54771,KMVL
54740,KVSF
94765,KLEB
14755,KMWN
54728,KHIE
54742,K1V4
94705,KMPV
54736,KLCI
94700,KBML
54770,KAFN
94721,KEEN
54781,KDDH
14742,KBTV
54772,KIZG
94709,KLEW
14605,KAUG
94626,KGNR
14610,KMLT
94725,KMSS
64776,KPBG
94790,KART
94740,KSLK
94836,KSAW
94860,KGRR
94871,KBEH
94815,KAZO
384,KMGC
14840,KMKG
4883,KLDM
14826,KFNT
94817,KPTK
14845,KMBS
94814,KHTL
14817,KCAD
94894,KMBL
14850,KTVC
94849,KAPN
424,K5SM
4874,KERY
14808,KOSC
422,K4BM
14839,KMKE
4865,KARV
94869,KMWC
4897,KUES
14837,KMSN
4875,KETB
4873,KEFT
94854,KJVL
14921,KLNR
54911,KMDZ
54912,KOEO
94929,KASX
94818,KRAC
4841,KSBM
4895,KSTE
54908,KSUW
14920,KLSE
14991,KEAU
94930,KVOK
94940,KCMY
94994,KOVS
14925,KRST
4963,KPDC
4891,KRRL
14898,KGRB
4826,KISW
94897,KMTW
94855,KOSH
4825,KATW
4824,KSUE
14897,KAUW
54834,KRYV
94890,KCWA
54917,KAQP
54909,KRPD
54913,KPBH
94853,KESC
94896,KMNM
4925,KFFL
94971,KEST
14972,KSPW
54832,KCLI
54833,KDLL
54838,KEGV
4845,KENW
4840,KFLD
54907,KMRJ
94973,KHYR
4898,KUNU
14944,KFSD
94032,KCUT
94902,KBKX
24024,KPHP
94039,KIEN
94990,KICR
94993,K8D3
94911,KYKN
94943,K9V9
94056,KD07
14936,KHON
4958,KORB
94950,KMHE
14946,KATY
4931,KGHW
4971,KRRT
54905,KCQM
14926,KSTC
4951,KMVE
54906,KJYG
94938,KBRD
14992,KRWF
14910,KAXN
4914,KCOQ
94976,KMML
24025,KPIR
94997,KADC
4943,KLVN
94969,KFBL
4967,KRGK
4948,KMOX
4965,KPQN
4980,KULM
4961,KOWA
4933,KHCD
94966,KFFM
94985,KMFI
94960,KMIC
94974,KANE
4944,KLXL
94963,KFCM
14922,KMSP
4941,KLJF
14927,KSTP
14954,KMKT
94948,KFRM
94927,KOTG
4956,KONA
94968,KAEL
14929,KABR
4946,KMJQ
4978,KTOB
4974,KSGS
24090,KRAP
24006,KRCA
4864,KAIG
94037,K2WX
94023,KGCC
94054,KBYG
24029,KSHR
94173,KP60
24062,KWRL
24048,KGEY
24087,KGDV
4969,KROS
54914,KPNM
94052,KMBG
24057,KRWL
24045,KCOD
24164,KBPI
24061,KRIW
24033,KBIL
24036,KLWT
94055,KBHK
24132,KBZN
24150,KLVM
24131,KBOI
94195,KEUL
24106,KMUO
4110,KJER
24154,KMLP
94194,KRXE
4112,KSNT
94185,KBNO
4201,KSPB
24162,KONO
24196,KSMN
452,KGIC
94107,KREO
24155,KPDT
94273,KMMV
4113,KHRI
24148,KLGD
24152,KMEH
24130,KBKE
24231,KRBG
24284,KOTH
24230,KRDM
24221,KEUG
24232,KSLE
24202,KCVO
24285,KONP
94281,KUAO
24229,KPDX
24242,KTTD
94261,KHIO
24219,KDLS
14609,KHUL
94605,K40B
14607,KCAR
14604,KPQI
94623,KIWI
14847,KANJ
4869,KCIU
14841,KPLN
4803,KRHI
54825,KPZQ
94850,KMQT
4870,KCVX
54820,KMCD
4863,KACB
94893,KIMT
14858,KCMX
4979,KTWM
94926,KIWD
4954,KMZH
14913,KDLH
4912,KCKN
94967,KPKD
4911,KCKC
94931,KHIB
4919,KDYT
94962,KDTL
94919,KGPZ
94964,KELO
4918,KDXX
4926,KFGN
4928,KFOZ
94992,KGNA
14918,KINL
94977,KCDD
4923,KEVM
4940,KJMR
94961,KBDE
4970,KROX
4934,KHCO
4983,KVWU
4984,KXVG
4909,KCBG
94999,KAIT
4929,KFSE
4952,KMWM
54904,KBBB
54915,KPWC
54910,KSAZ
4982,KVVV
4932,KGYL
14914,KFAR
4922,KETH
14919,KJMS
14958,KBJI
94956,KTVF
4905,KBFW
4902,KAUM
14916,KGFK
94928,KDVL
94925,KRDR
94038,KHEI
24012,KDIK
24011,KBIS
94014,KISN
94011,KMIB
24013,KMOT
94041,KN60
94008,KGGW
94051,KJDN
94017,KOLF
94028,KSDY
24137,KCTB
24138,KDLN
24144,KHLN
24153,KMSO
24135,KBTM
24143,KGTF
24112,KGFA
94012,KHVR
24146,KGPI
24243,KYKM
24237,KSMP
94239,KEAT
24110,KMWH
24149,KLWS
4114,KLLJ
24136,KCOE
24163,KPSC
24160,KALW
24157,KGEG
24114,KSKA
94176,KSFF
94129,KPUW
94119,KDEW
24220,KELN
94266,KCLM
94197,KOMK
24141,KEPH
94224,KAST
94298,KVUO
24227,KOLM
94225,KHQM
24223,KKLS
94227,KSHN
94263,KPWT
24233,KSEA
94248,KRNT
24234,KBFI
24222,KPAE
94274,KTIW
4205,KAWO
94240,KUIL
24217,KBLI
94276,KFHR
54793,KFWN
3042,KVTP
24103,KDPG
24207,KTCM
24201,KGRF
3763,KSIF
64773,K1P1
24037,KMLS
53937,KDUA
53925,KDEQ
14715,KGTB
14710,KMHT
54754,KASH
14763,KPSF
53897,KHSB
63814,KSAR
4808,KARR
53891,KFWC
53887,KENL
53889,KFOA
53822,KOLY
63817,KTAZ
53950,KPPQ
4838,KPWK
53944,KIJX
4862,KAAA
94789,KJFK
54787,KFRG
14719,KFOK
94723,KLWM
14753,KMQE
14703,KCEF
14775,KBAF
14747,KDKK
4741,KSCH
93242,KMAE
93210,KOVE
53120,KRNM
53130,KWHP
23277,KWVI
23244,KNUQ
23202,KSUU
93065,KAFF
93978,KPTT
3998,KPPF
13840,KFFO
13705,KADW
93784,KDMH
93786,KOXB
3726,KWWD
13702,KLFI
63806,KMTV
93104,KNID
23141,KINS
13975,KGAG
13806,KHOP
93808,KBWG
3741,KOCW
3702,KDPL
93737,KFBG
3709,KHBI
3712,KHRJ
93785,KIGX
3708,KGWW
23110,KNLC
3102,KONT
3165,KEMT
3144,KIPL
3164,KCZZ
3104,KTRM
23158,KBLH
23002,KHMN
3059,KSOA
53997,KMKN
93042,KDHT
13961,KFTW
13973,KJCT
3904,KCLL
93915,KAEX
12816,KGNV
93874,KGPT
13978,KGWO
13833,KHBG
13939,KGLH
13820,KBIX
53858,KPQL
13846,KPAM
3818,KMAI
3852,KHRT
13824,KSVN
63818,KTBR
63809,KOPN
3821,KLGC
63803,KLZU
3832,KWDR
13857,KVAD
63813,KRYY
53860,KCRG
12849,KFLL
12834,KDAB
12810,KMCF
13849,KSSC
13717,KMYR
93718,KCRE
12843,KVRB
12876,KGIF
12886,KTTS
12867,KCOF
415,K42J
479,KTSP
395,KE16
396,KFOT
13601,TXKF
11706,MUGM
11813,MWCR
11603,TJBQ
11653,TJMZ
11641,TJSJ
494,TJIG
11630,TJNR
11640,TIST
11624,TISX
399,TNCM
401,TFFR
403,TDCF
406,TLPL
410,TTCP
11634,TTPP
411,TNCA
413,TNCB
10502,SYCJ
90001,NZSP
87601,NZCM
414,NZPG
22701,PMDY
22501,PHBK
22536,PHLI
22508,PHHI
22519,PHNG
22551,PHJR
22521,PHNL
22534,PHMK
22516,PHOG
22552,PHJH
22524,PHNY
21510,PHKO
21508,PHSF
41415,PGUM
41414,PGUA
41419,PGRO
41418,PGSN
41420,PGWT
41606,PWAK
21504,PHTO
40505,PTKK
40504,PTTP
493,PTSA
40604,PKWA
40710,PKMR
40310,PTRO
40309,PTKR
40308,PTYA
80705,NGFU
61705,NSTU
488,NZWN
41231,RPLB
445,KDYA
451,KFWB
476,KSJS
4134,KQCA
12946,KNGW
23122,KSBD
23162,KDTA
53129,KAZC
63820,KUCY
63890,KNEN
64757,050E
93776,KNIS
93804,SPA
94290,KSEW
